"","SampleIds","BiologicalConditions","Gender"
"1","Sample_1","Conditions A","female"
"2","Sample_2","Conditions A","female"
"3","Sample_3","Conditions A","female"
"4","Sample_4","Conditions A","female"
"5","Sample_5","Conditions A","female"
"6","Sample_6","Conditions A","male"
"7","Sample_7","Conditions A","female"
"8","Sample_8","Conditions A","female"
"9","Sample_9","Conditions A","female"
"10","Sample_10","Conditions A","male"
"11","Sample_11","Conditions A","female"
"12","Sample_12","Conditions A","male"
"13","Sample_13","Conditions A","female"
"14","Sample_14","Conditions A","male"
"15","Sample_15","Conditions A","male"
"16","Sample_16","Conditions A","female"
"17","Sample_17","Conditions A","female"
"18","Sample_18","Conditions A","female"
"19","Sample_19","Conditions A","female"
"20","Sample_20","Conditions A","female"
"21","Sample_21","Conditions A","female"
"22","Sample_22","Conditions A","female"
"23","Sample_23","Conditions A","male"
"24","Sample_24","Conditions A","female"
"25","Sample_25","Conditions A","female"
"26","Sample_26","Conditions A","female"
"27","Sample_27","Conditions A","female"
"28","Sample_28","Conditions A","male"
"29","Sample_29","Conditions A","female"
"30","Sample_30","Conditions A","male"
"31","Sample_31","Conditions A","female"
"32","Sample_32","Conditions A","female"
"33","Sample_33","Conditions A","female"
"34","Sample_34","Conditions A","male"
"35","Sample_35","Conditions A","female"
"36","Sample_36","Conditions A","female"
"37","Sample_37","Conditions A","female"
"38","Sample_38","Conditions A","female"
"39","Sample_39","Conditions A","female"
"40","Sample_40","Conditions A","female"
"41","Sample_41","Conditions A","female"
"42","Sample_42","Conditions A","male"
"43","Sample_43","Conditions A","male"
"44","Sample_44","Conditions A","female"
"45","Sample_45","Conditions A","female"
"46","Sample_46","Conditions A","male"
"47","Sample_47","Conditions A","female"
"48","Sample_48","Conditions A","female"
"49","Sample_49","Conditions A","male"
"50","Sample_50","Conditions A","female"
"51","Sample_51","Conditions A","female"
"52","Sample_52","Conditions A","female"
"53","Sample_53","Conditions A","female"
"54","Sample_54","Conditions A","female"
"55","Sample_55","Conditions A","male"
"56","Sample_56","Conditions A","male"
"57","Sample_57","Conditions A","female"
"58","Sample_58","Conditions A","female"
"59","Sample_59","Conditions A","female"
"60","Sample_60","Conditions A","female"
"61","Sample_61","Conditions A","male"
"62","Sample_62","Conditions A","female"
"63","Sample_63","Conditions A","female"
"64","Sample_64","Conditions A","female"
"65","Sample_65","Conditions A","female"
"66","Sample_66","Conditions A","male"
"67","Sample_67","Conditions A","male"
"68","Sample_68","Conditions A","male"
"69","Sample_69","Conditions A","male"
"70","Sample_70","Conditions A","female"
"71","Sample_71","Conditions A","female"
"72","Sample_72","Conditions A","male"
"73","Sample_73","Conditions A","female"
"74","Sample_74","Conditions A","female"
"75","Sample_75","Conditions A","female"
"76","Sample_76","Conditions A","female"
"77","Sample_77","Conditions A","male"
"78","Sample_78","Conditions A","female"
"79","Sample_79","Conditions A","female"
"80","Sample_80","Conditions A","female"
"81","Sample_81","Conditions A","female"
"82","Sample_82","Conditions A","female"
"83","Sample_83","Conditions A","female"
"84","Sample_84","Conditions A","male"
"85","Sample_85","Conditions A","male"
"86","Sample_86","Conditions A","male"
"87","Sample_87","Conditions A","male"
"88","Sample_88","Conditions A","male"
"89","Sample_89","Conditions A","female"
"90","Sample_90","Conditions A","male"
"91","Sample_91","Conditions A","male"
"92","Sample_92","Conditions A","male"
"93","Sample_93","Conditions A","male"
"94","Sample_94","Conditions A","male"
"95","Sample_95","Conditions A","female"
"96","Sample_96","Conditions A","male"
"97","Sample_97","Conditions A","female"
"98","Sample_98","Conditions A","female"
"99","Sample_99","Conditions A","female"
"100","Sample_100","Conditions A","male"
"101","Sample_101","Conditions A","female"
"102","Sample_102","Conditions A","female"
"103","Sample_103","Conditions A","female"
"104","Sample_104","Conditions A","male"
"105","Sample_105","Conditions A","female"
"106","Sample_106","Conditions A","male"
"107","Sample_107","Conditions A","female"
"108","Sample_108","Conditions A","male"
"109","Sample_109","Conditions A","male"
"110","Sample_110","Conditions A","female"
"111","Sample_111","Conditions A","female"
"112","Sample_112","Conditions A","male"
"113","Sample_113","Conditions A","male"
"114","Sample_114","Conditions A","male"
"115","Sample_115","Conditions A","male"
"116","Sample_116","Conditions A","male"
"117","Sample_117","Conditions A","female"
"118","Sample_118","Conditions A","male"
"119","Sample_119","Conditions A","female"
"120","Sample_120","Conditions A","female"
"121","Sample_121","Conditions A","female"
"122","Sample_122","Conditions A","male"
"123","Sample_123","Conditions A","male"
"124","Sample_124","Conditions A","male"
"125","Sample_125","Conditions A","female"
"126","Sample_126","Conditions A","female"
"127","Sample_127","Conditions A","female"
"128","Sample_128","Conditions A","female"
"129","Sample_129","Conditions A","male"
"130","Sample_130","Conditions A","female"
"131","Sample_131","Conditions A","female"
"132","Sample_132","Conditions A","female"
"133","Sample_133","Conditions A","female"
"134","Sample_134","Conditions A","female"
"135","Sample_135","Conditions A","female"
"136","Sample_136","Conditions A","female"
"137","Sample_137","Conditions A","male"
"138","Sample_138","Conditions A","female"
"139","Sample_139","Conditions A","female"
"140","Sample_140","Conditions A","female"
"141","Sample_141","Conditions A","female"
"142","Sample_142","Conditions A","female"
"143","Sample_143","Conditions A","female"
"144","Sample_144","Conditions A","female"
"145","Sample_145","Conditions A","female"
"146","Sample_146","Conditions A","female"
"147","Sample_147","Conditions A","female"
"148","Sample_148","Conditions A","female"
"149","Sample_133","Conditions A","female"
"150","Sample_150","Conditions A","female"
"151","Sample_127","Conditions A","female"
"152","Sample_152","Conditions A","female"
"153","Sample_153","Conditions A","female"
"154","Sample_154","Conditions A","male"
"155","Sample_155","Conditions A","female"
"156","Sample_156","Conditions A","female"
"157","Sample_157","Conditions A","male"
"158","Sample_158","Conditions A","female"
"159","Sample_159","Conditions A","male"
"160","Sample_124","Conditions A","male"
"161","Sample_161","Conditions A","male"
"162","Sample_162","Conditions A","male"
"163","Sample_163","Conditions A","female"
"164","Sample_164","Conditions A","female"
"165","Sample_165","Conditions A","male"
"166","Sample_166","Conditions A","male"
"167","Sample_167","Conditions A","female"
"168","Sample_168","Conditions A","female"
"169","Sample_169","Conditions A","female"
"170","Sample_170","Conditions A","female"
"171","Sample_171","Conditions A","male"
"172","Sample_172","Conditions A","female"
"173","Sample_173","Conditions A","female"
"174","Sample_174","Conditions A","female"
"175","Sample_175","Conditions A","female"
"176","Sample_176","Conditions A","male"
"177","Sample_177","Conditions A","female"
"178","Sample_178","Conditions A","male"
"179","Sample_179","Conditions A","male"
"180","Sample_180","Conditions A","male"
"181","Sample_181","Conditions A","male"
"182","Sample_182","Conditions A","male"
"183","Sample_183","Conditions A","female"
"184","Sample_184","Conditions A","female"
"185","Sample_185","Conditions A","female"
"186","Sample_186","Conditions A","female"
"187","Sample_187","Conditions A","female"
"188","Sample_188","Conditions A","female"
"189","Sample_189","Conditions A","male"
"190","Sample_190","Conditions A","male"
"191","Sample_191","Conditions A","female"
"192","Sample_192","Conditions A","male"
"193","Sample_193","Conditions A","female"
"194","Sample_194","Conditions A","female"
"195","Sample_195","Conditions A","male"
"196","Sample_196","Conditions A","male"
"197","Sample_197","Conditions A","male"
"198","Sample_198","Conditions A","female"
"199","Sample_199","Conditions A","female"
"200","Sample_200","Conditions A","female"
"201","Sample_201","Conditions A","male"
"202","Sample_202","Conditions A","female"
"203","Sample_203","Conditions A","male"
"204","Sample_204","Conditions A","female"
"205","Sample_205","Conditions A","male"
"206","Sample_206","Conditions A","female"
"207","Sample_207","Conditions A","female"
"208","Sample_208","Conditions A","female"
"209","Sample_209","Conditions A","female"
"210","Sample_210","Conditions A","male"
"211","Sample_211","Conditions A","male"
"212","Sample_212","Conditions A","female"
"213","Sample_213","Conditions A","female"
"214","Sample_214","Conditions A","female"
"215","Sample_215","Conditions A","female"
"216","Sample_216","Conditions A","male"
"217","Sample_217","Conditions A","female"
"218","Sample_218","Conditions A","male"
"219","Sample_219","Conditions A","female"
"220","Sample_220","Conditions A","female"
"221","Sample_221","Conditions A","female"
"222","Sample_222","Conditions A","male"
"223","Sample_223","Conditions A","female"
"224","Sample_224","Conditions A","male"
"225","Sample_225","Conditions A","male"
"226","Sample_226","Conditions A","male"
"227","Sample_227","Conditions A","female"
"228","Sample_228","Conditions A","male"
"229","Sample_229","Conditions A","female"
"230","Sample_230","Conditions A","female"
"231","Sample_231","Conditions A","male"
"232","Sample_232","Conditions A","female"
"233","Sample_233","Conditions A","male"
"234","Sample_234","Conditions A","male"
"235","Sample_235","Conditions A","male"
"236","Sample_236","Conditions A","male"
"237","Sample_237","Conditions A","male"
"238","Sample_238","Conditions A","male"
"239","Sample_239","Conditions A","female"
"240","Sample_240","Conditions A","male"
"241","Sample_241","Conditions A","female"
"242","Sample_242","Conditions A","male"
"243","Sample_243","Conditions A","male"
"244","Sample_244","Conditions A","male"
"245","Sample_245","Conditions A","male"
"246","Sample_246","Conditions A","male"
"247","Sample_247","Conditions A","female"
"248","Sample_248","Conditions A","female"
"249","Sample_249","Conditions A","female"
"250","Sample_250","Conditions A","female"
"251","Sample_251","Conditions A","female"
"252","Sample_252","Conditions A","male"
"253","Sample_253","Conditions A","male"
"254","Sample_254","Conditions A","male"
"255","Sample_255","Conditions A","male"
"256","Sample_256","Conditions A","female"
"257","Sample_257","Conditions A","female"
"258","Sample_258","Conditions A","female"
"259","Sample_259","Conditions A","female"
"260","Sample_260","Conditions A","male"
"261","Sample_261","Conditions A","male"
"262","Sample_262","Conditions A","female"
"263","Sample_263","Conditions A","male"
"264","Sample_264","Conditions A","female"
"265","Sample_265","Conditions A","female"
"266","Sample_266","Conditions A","female"
"267","Sample_267","Conditions A","female"
"268","Sample_268","Conditions A","female"
"269","Sample_269","Conditions A","male"
"270","Sample_270","Conditions A","female"
"271","Sample_271","Conditions A","male"
"272","Sample_272","Conditions A","male"
"273","Sample_161","Conditions A","male"
"274","Sample_274","Conditions A","female"
"275","Sample_275","Conditions A","female"
"276","Sample_276","Conditions A","female"
"277","Sample_277","Conditions A","male"
"278","Sample_278","Conditions A","male"
"279","Sample_279","Conditions A","female"
"280","Sample_280","Conditions A","male"
"281","Sample_281","Conditions A","female"
"282","Sample_282","Conditions A","male"
"283","Sample_283","Conditions A","female"
"284","Sample_284","Conditions A","female"
"285","Sample_285","Conditions A","male"
"286","Sample_286","Conditions A","male"
"287","Sample_287","Conditions A","female"
"288","Sample_288","Conditions A","male"
"289","Sample_289","Conditions A","female"
"290","Sample_290","Conditions A","female"
"291","Sample_291","Conditions A","female"
"292","Sample_292","Conditions A","female"
"293","Sample_293","Conditions A","male"
"294","Sample_294","Conditions A","male"
"295","Sample_295","Conditions A","female"
"296","Sample_199","Conditions A","female"
"297","Sample_297","Conditions A","female"
"298","Sample_298","Conditions A","female"
"299","Sample_299","Conditions A","male"
"300","Sample_300","Conditions A","male"
"301","Sample_171","Conditions A","male"
"302","Sample_302","Conditions A","female"
"303","Sample_303","Conditions A","female"
"304","Sample_304","Conditions A","female"
"305","Sample_305","Conditions A","female"
"306","Sample_306","Conditions A","male"
"307","Sample_185","Conditions A","female"
"308","Sample_308","Conditions A","female"
"309","Sample_309","Conditions A","male"
"310","Sample_310","Conditions A","female"
"311","Sample_311","Conditions A","male"
"312","Sample_312","Conditions A","male"
"313","Sample_313","Conditions A","female"
"314","Sample_314","Conditions A","male"
"315","Sample_315","Conditions A","male"
"316","Sample_316","Conditions A","male"
"317","Sample_317","Conditions A","male"
"318","Sample_318","Conditions A","male"
"319","Sample_319","Conditions A","female"
"320","Sample_320","Conditions A","female"
"321","Sample_321","Conditions A","male"
"322","Sample_322","Conditions A","male"
"323","Sample_323","Conditions A","female"
"324","Sample_324","Conditions A","female"
"325","Sample_325","Conditions A","male"
"326","Sample_326","Conditions A","female"
"327","Sample_327","Conditions A","female"
"328","Sample_328","Conditions A","male"
"329","Sample_329","Conditions A","female"
"330","Sample_330","Conditions A","female"
"331","Sample_331","Conditions A","female"
"332","Sample_332","Conditions A","female"
"333","Sample_333","Conditions A","female"
"334","Sample_334","Conditions A","male"
"335","Sample_335","Conditions A","female"
"336","Sample_336","Conditions A","male"
"337","Sample_337","Conditions A","male"
"338","Sample_338","Conditions A","female"
"339","Sample_339","Conditions A","male"
"340","Sample_340","Conditions A","female"
"341","Sample_341","Conditions A","male"
"342","Sample_342","Conditions A","female"
"343","Sample_343","Conditions A","male"
"344","Sample_344","Conditions A","female"
"345","Sample_345","Conditions A","female"
"346","Sample_346","Conditions A","female"
"347","Sample_347","Conditions A","male"
"348","Sample_348","Conditions A","male"
"349","Sample_349","Conditions A","female"
"350","Sample_350","Conditions A","female"
"351","Sample_351","Conditions A","male"
"352","Sample_352","Conditions A","female"
"353","Sample_353","Conditions A","male"
"354","Sample_354","Conditions A","female"
"355","Sample_355","Conditions A","female"
"356","Sample_172","Conditions A","female"
"357","Sample_357","Conditions A","female"
"358","Sample_358","Conditions A","male"
"359","Sample_359","Conditions B","female"
"360","Sample_360","Conditions B","female"
"361","Sample_361","Conditions B","female"
"362","Sample_362","Conditions B","female"
"363","Sample_363","Conditions B","female"
"364","Sample_364","Conditions B","male"
"365","Sample_365","Conditions B","female"
"366","Sample_366","Conditions B","female"
"367","Sample_367","Conditions B","female"
"368","Sample_368","Conditions B","male"
"369","Sample_369","Conditions B","female"
"370","Sample_370","Conditions B","male"
"371","Sample_371","Conditions B","female"
"372","Sample_372","Conditions B","male"
"373","Sample_373","Conditions B","male"
"374","Sample_374","Conditions B","female"
"375","Sample_375","Conditions B","female"
"376","Sample_376","Conditions B","female"
"377","Sample_377","Conditions B","female"
"378","Sample_378","Conditions B","male"
"379","Sample_379","Conditions B","female"
"380","Sample_380","Conditions B","female"
"381","Sample_381","Conditions B","female"
"382","Sample_382","Conditions B","male"
"383","Sample_383","Conditions B","female"
"384","Sample_384","Conditions B","female"
"385","Sample_385","Conditions B","female"
"386","Sample_386","Conditions B","female"
"387","Sample_387","Conditions B","male"
"388","Sample_388","Conditions B","female"
"389","Sample_389","Conditions B","male"
"390","Sample_390","Conditions B","female"
"391","Sample_391","Conditions B","female"
"392","Sample_392","Conditions B","female"
"393","Sample_393","Conditions B","male"
"394","Sample_394","Conditions B","female"
"395","Sample_395","Conditions B","female"
"396","Sample_396","Conditions B","female"
"397","Sample_397","Conditions B","female"
"398","Sample_398","Conditions B","female"
"399","Sample_399","Conditions B","female"
"400","Sample_400","Conditions B","female"
"401","Sample_401","Conditions B","male"
"402","Sample_402","Conditions B","male"
"403","Sample_403","Conditions B","male"
"404","Sample_404","Conditions B","female"
"405","Sample_405","Conditions B","female"
"406","Sample_406","Conditions B","male"
"407","Sample_407","Conditions B","female"
"408","Sample_408","Conditions B","female"
"409","Sample_409","Conditions B","male"
"410","Sample_410","Conditions B","female"
"411","Sample_411","Conditions B","female"
"412","Sample_412","Conditions B","female"
"413","Sample_413","Conditions B","male"
"414","Sample_414","Conditions B","male"
"415","Sample_415","Conditions B","female"
"416","Sample_416","Conditions B","female"
"417","Sample_417","Conditions B","female"
"418","Sample_418","Conditions B","female"
"419","Sample_419","Conditions B","male"
"420","Sample_420","Conditions B","female"
"421","Sample_421","Conditions B","female"
"422","Sample_422","Conditions B","male"
"423","Sample_423","Conditions B","female"
"424","Sample_424","Conditions B","male"
"425","Sample_425","Conditions B","female"
"426","Sample_426","Conditions B","female"
"427","Sample_427","Conditions B","female"
"428","Sample_428","Conditions B","female"
"429","Sample_429","Conditions B","male"
"430","Sample_430","Conditions B","male"
"431","Sample_431","Conditions B","male"
"432","Sample_432","Conditions B","male"
"433","Sample_433","Conditions B","female"
"434","Sample_434","Conditions B","female"
"435","Sample_435","Conditions B","male"
"436","Sample_436","Conditions B","female"
"437","Sample_437","Conditions B","female"
"438","Sample_438","Conditions B","female"
"439","Sample_439","Conditions B","female"
"440","Sample_440","Conditions B","male"
"441","Sample_441","Conditions B","female"
"442","Sample_442","Conditions B","female"
"443","Sample_443","Conditions B","male"
"444","Sample_444","Conditions B","female"
"445","Sample_445","Conditions B","female"
"446","Sample_446","Conditions B","female"
"447","Sample_447","Conditions B","female"
"448","Sample_448","Conditions B","female"
"449","Sample_449","Conditions B","male"
"450","Sample_450","Conditions B","male"
"451","Sample_451","Conditions B","male"
"452","Sample_452","Conditions B","male"
"453","Sample_453","Conditions B","male"
"454","Sample_454","Conditions B","female"
"455","Sample_455","Conditions B","male"
"456","Sample_456","Conditions B","male"
"457","Sample_457","Conditions B","male"
"458","Sample_458","Conditions B","male"
"459","Sample_459","Conditions B","female"
"460","Sample_460","Conditions B","male"
"461","Sample_461","Conditions B","female"
"462","Sample_462","Conditions B","female"
"463","Sample_463","Conditions B","female"
"464","Sample_464","Conditions B","male"
"465","Sample_465","Conditions B","female"
"466","Sample_466","Conditions B","female"
"467","Sample_467","Conditions B","female"
"468","Sample_468","Conditions B","male"
"469","Sample_469","Conditions B","female"
"470","Sample_470","Conditions B","female"
"471","Sample_471","Conditions B","male"
"472","Sample_472","Conditions B","female"
"473","Sample_473","Conditions B","female"
"474","Sample_474","Conditions B","female"
"475","Sample_475","Conditions B","male"
"476","Sample_476","Conditions B","male"
"477","Sample_477","Conditions B","female"
"478","Sample_478","Conditions B","female"
"479","Sample_479","Conditions B","female"
"480","Sample_480","Conditions B","female"
"481","Sample_481","Conditions B","male"
"482","Sample_482","Conditions B","female"
"483","Sample_483","Conditions B","female"
"484","Sample_484","Conditions B","female"
"485","Sample_485","Conditions B","male"
"486","Sample_486","Conditions B","male"
"487","Sample_487","Conditions B","male"
"488","Sample_488","Conditions B","male"
"489","Sample_489","Conditions B","male"
"490","Sample_490","Conditions B","female"
"491","Sample_491","Conditions B","female"
"492","Sample_492","Conditions B","female"
"493","Sample_493","Conditions B","female"
"494","Sample_494","Conditions B","female"
"495","Sample_495","Conditions B","male"
"496","Sample_496","Conditions B","female"
"497","Sample_497","Conditions B","female"
"498","Sample_498","Conditions B","female"
"499","Sample_499","Conditions B","female"
"500","Sample_500","Conditions B","female"
"501","Sample_501","Conditions B","female"
"502","Sample_502","Conditions B","female"
"503","Sample_503","Conditions B","female"
"504","Sample_477","Conditions B","female"
"505","Sample_505","Conditions B","female"
"506","Sample_492","Conditions B","female"
"507","Sample_507","Conditions B","female"
"508","Sample_508","Conditions B","male"
"509","Sample_509","Conditions B","female"
"510","Sample_510","Conditions B","female"
"511","Sample_511","Conditions B","male"
"512","Sample_512","Conditions B","female"
"513","Sample_513","Conditions B","female"
"514","Sample_514","Conditions B","male"
"515","Sample_515","Conditions B","female"
"516","Sample_489","Conditions B","male"
"517","Sample_517","Conditions B","male"
"518","Sample_518","Conditions B","male"
"519","Sample_519","Conditions B","female"
"520","Sample_520","Conditions B","female"
"521","Sample_521","Conditions B","male"
"522","Sample_522","Conditions B","female"
"523","Sample_523","Conditions B","female"
"524","Sample_524","Conditions B","male"
"525","Sample_525","Conditions B","female"
"526","Sample_526","Conditions B","male"
"527","Sample_527","Conditions B","male"
"528","Sample_528","Conditions B","male"
"529","Sample_529","Conditions B","male"
"530","Sample_530","Conditions B","male"
"531","Sample_531","Conditions B","female"
"532","Sample_532","Conditions B","female"
"533","Sample_533","Conditions B","male"
"534","Sample_534","Conditions B","female"
"535","Sample_535","Conditions B","female"
"536","Sample_536","Conditions B","female"
"537","Sample_537","Conditions B","female"
"538","Sample_538","Conditions B","male"
"539","Sample_539","Conditions B","female"
"540","Sample_540","Conditions B","female"
"541","Sample_541","Conditions B","male"
"542","Sample_542","Conditions B","female"
"543","Sample_543","Conditions B","female"
"544","Sample_544","Conditions B","female"
"545","Sample_545","Conditions B","male"
"546","Sample_546","Conditions B","male"
"547","Sample_547","Conditions B","female"
"548","Sample_548","Conditions B","female"
"549","Sample_549","Conditions B","male"
"550","Sample_550","Conditions B","female"
"551","Sample_551","Conditions B","female"
"552","Sample_552","Conditions B","male"
"553","Sample_553","Conditions B","male"
"554","Sample_554","Conditions B","male"
"555","Sample_555","Conditions B","female"
"556","Sample_556","Conditions B","female"
"557","Sample_557","Conditions B","female"
"558","Sample_558","Conditions B","female"
"559","Sample_559","Conditions B","male"
"560","Sample_560","Conditions B","female"
"561","Sample_561","Conditions B","male"
"562","Sample_562","Conditions B","female"
"563","Sample_563","Conditions B","female"
"564","Sample_564","Conditions B","female"
"565","Sample_565","Conditions B","male"
"566","Sample_566","Conditions B","male"
"567","Sample_567","Conditions B","female"
"568","Sample_568","Conditions B","female"
"569","Sample_569","Conditions B","female"
"570","Sample_570","Conditions B","female"
"571","Sample_571","Conditions B","male"
"572","Sample_572","Conditions B","female"
"573","Sample_573","Conditions B","female"
"574","Sample_574","Conditions B","male"
"575","Sample_575","Conditions B","female"
"576","Sample_576","Conditions B","female"
"577","Sample_577","Conditions B","female"
"578","Sample_578","Conditions B","male"
"579","Sample_579","Conditions B","female"
"580","Sample_580","Conditions B","male"
"581","Sample_581","Conditions B","male"
"582","Sample_582","Conditions B","male"
"583","Sample_583","Conditions B","female"
"584","Sample_584","Conditions B","male"
"585","Sample_585","Conditions B","female"
"586","Sample_586","Conditions B","female"
"587","Sample_587","Conditions B","male"
"588","Sample_588","Conditions B","female"
"589","Sample_589","Conditions B","male"
"590","Sample_590","Conditions B","male"
"591","Sample_591","Conditions B","male"
"592","Sample_592","Conditions B","male"
"593","Sample_593","Conditions B","male"
"594","Sample_594","Conditions B","male"
"595","Sample_595","Conditions B","male"
"596","Sample_596","Conditions B","female"
"597","Sample_597","Conditions B","female"
"598","Sample_598","Conditions B","male"
"599","Sample_599","Conditions B","male"
"600","Sample_600","Conditions B","female"
"601","Sample_601","Conditions B","male"
"602","Sample_602","Conditions B","male"
"603","Sample_603","Conditions B","male"
"604","Sample_604","Conditions B","female"
"605","Sample_605","Conditions B","female"
"606","Sample_606","Conditions B","male"
"607","Sample_607","Conditions B","female"
"608","Sample_608","Conditions B","female"
"609","Sample_609","Conditions B","male"
"610","Sample_610","Conditions B","male"
"611","Sample_611","Conditions B","male"
"612","Sample_612","Conditions B","male"
"613","Sample_613","Conditions B","female"
"614","Sample_614","Conditions B","female"
"615","Sample_615","Conditions B","female"
"616","Sample_616","Conditions B","female"
"617","Sample_617","Conditions B","male"
"618","Sample_618","Conditions B","male"
"619","Sample_619","Conditions B","female"
"620","Sample_620","Conditions B","male"
"621","Sample_621","Conditions B","female"
"622","Sample_622","Conditions B","female"
"623","Sample_623","Conditions B","female"
"624","Sample_624","Conditions B","female"
"625","Sample_625","Conditions B","female"
"626","Sample_626","Conditions B","male"
"627","Sample_627","Conditions B","female"
"628","Sample_628","Conditions B","male"
"629","Sample_629","Conditions B","male"
"630","Sample_517","Conditions B","male"
"631","Sample_631","Conditions B","female"
"632","Sample_632","Conditions B","female"
"633","Sample_633","Conditions B","female"
"634","Sample_634","Conditions B","male"
"635","Sample_635","Conditions B","male"
"636","Sample_636","Conditions B","female"
"637","Sample_637","Conditions B","male"
"638","Sample_638","Conditions B","female"
"639","Sample_639","Conditions B","female"
"640","Sample_640","Conditions B","male"
"641","Sample_641","Conditions B","female"
"642","Sample_642","Conditions B","female"
"643","Sample_643","Conditions B","male"
"644","Sample_644","Conditions B","male"
"645","Sample_645","Conditions B","female"
"646","Sample_646","Conditions B","female"
"647","Sample_647","Conditions B","male"
"648","Sample_648","Conditions B","female"
"649","Sample_649","Conditions B","female"
"650","Sample_650","Conditions B","female"
"651","Sample_651","Conditions B","male"
"652","Sample_652","Conditions B","male"
"653","Sample_653","Conditions B","female"
"654","Sample_556","Conditions B","female"
"655","Sample_655","Conditions B","female"
"656","Sample_656","Conditions B","female"
"657","Sample_657","Conditions B","male"
"658","Sample_658","Conditions B","male"
"659","Sample_538","Conditions B","male"
"660","Sample_660","Conditions B","female"
"661","Sample_661","Conditions B","female"
"662","Sample_662","Conditions B","female"
"663","Sample_663","Conditions B","female"
"664","Sample_664","Conditions B","male"
"665","Sample_540","Conditions B","female"
"666","Sample_666","Conditions B","female"
"667","Sample_539","Conditions B","female"
"668","Sample_668","Conditions B","male"
"669","Sample_669","Conditions B","female"
"670","Sample_670","Conditions B","male"
"671","Sample_671","Conditions B","male"
"672","Sample_672","Conditions B","female"
"673","Sample_673","Conditions B","male"
"674","Sample_674","Conditions B","male"
"675","Sample_675","Conditions B","male"
"676","Sample_676","Conditions B","male"
"677","Sample_677","Conditions B","male"
"678","Sample_678","Conditions B","female"
"679","Sample_679","Conditions B","female"
"680","Sample_680","Conditions B","male"
"681","Sample_681","Conditions B","male"
"682","Sample_682","Conditions B","female"
"683","Sample_683","Conditions B","female"
"684","Sample_684","Conditions B","male"
"685","Sample_685","Conditions B","female"
"686","Sample_686","Conditions B","female"
"687","Sample_687","Conditions B","female"
"688","Sample_688","Conditions B","male"
"689","Sample_689","Conditions B","female"
"690","Sample_690","Conditions B","female"
"691","Sample_691","Conditions B","female"
"692","Sample_692","Conditions B","female"
"693","Sample_693","Conditions B","female"
"694","Sample_694","Conditions B","male"
"695","Sample_695","Conditions B","female"
"696","Sample_696","Conditions B","male"
"697","Sample_697","Conditions B","male"
"698","Sample_698","Conditions B","female"
"699","Sample_699","Conditions B","male"
"700","Sample_700","Conditions B","female"
"701","Sample_701","Conditions B","male"
"702","Sample_702","Conditions B","female"
"703","Sample_703","Conditions B","male"
"704","Sample_704","Conditions B","female"
"705","Sample_705","Conditions B","female"
"706","Sample_706","Conditions B","female"
"707","Sample_707","Conditions B","female"
"708","Sample_708","Conditions B","female"
"709","Sample_709","Conditions B","male"
"710","Sample_710","Conditions B","male"
"711","Sample_711","Conditions B","female"
"712","Sample_712","Conditions B","male"
"713","Sample_713","Conditions B","female"
"714","Sample_714","Conditions B","female"
"715","Sample_621","Conditions B","female"
"716","Sample_716","Conditions C","female"
"717","Sample_717","Conditions C","female"
"718","Sample_718","Conditions C","female"
"719","Sample_719","Conditions C","female"
"720","Sample_720","Conditions C","female"
"721","Sample_721","Conditions C","male"
"722","Sample_722","Conditions C","female"
"723","Sample_723","Conditions C","female"
"724","Sample_724","Conditions C","female"
"725","Sample_725","Conditions C","male"
"726","Sample_726","Conditions C","female"
"727","Sample_727","Conditions C","male"
"728","Sample_728","Conditions C","female"
"729","Sample_729","Conditions C","male"
"730","Sample_730","Conditions C","male"
"731","Sample_731","Conditions C","female"
"732","Sample_732","Conditions C","female"
"733","Sample_733","Conditions C","female"
"734","Sample_734","Conditions C","female"
"735","Sample_735","Conditions C","male"
"736","Sample_736","Conditions C","female"
"737","Sample_737","Conditions C","female"
"738","Sample_738","Conditions C","female"
"739","Sample_739","Conditions C","male"
"740","Sample_740","Conditions C","female"
"741","Sample_741","Conditions C","female"
"742","Sample_742","Conditions C","female"
"743","Sample_743","Conditions C","female"
"744","Sample_744","Conditions C","male"
"745","Sample_745","Conditions C","female"
"746","Sample_746","Conditions C","male"
"747","Sample_747","Conditions C","female"
"748","Sample_748","Conditions C","female"
"749","Sample_749","Conditions C","male"
"750","Sample_750","Conditions C","female"
"751","Sample_751","Conditions C","female"
"752","Sample_752","Conditions C","female"
"753","Sample_753","Conditions C","female"
"754","Sample_754","Conditions C","female"
"755","Sample_755","Conditions C","female"
"756","Sample_756","Conditions C","male"
"757","Sample_757","Conditions C","male"
"758","Sample_758","Conditions C","male"
"759","Sample_759","Conditions C","female"
"760","Sample_760","Conditions C","female"
"761","Sample_761","Conditions C","male"
"762","Sample_762","Conditions C","female"
"763","Sample_763","Conditions C","female"
"764","Sample_764","Conditions C","male"
"765","Sample_765","Conditions C","female"
"766","Sample_766","Conditions C","female"
"767","Sample_767","Conditions C","female"
"768","Sample_768","Conditions C","female"
"769","Sample_769","Conditions C","female"
"770","Sample_770","Conditions C","male"
"771","Sample_771","Conditions C","male"
"772","Sample_772","Conditions C","female"
"773","Sample_773","Conditions C","female"
"774","Sample_774","Conditions C","female"
"775","Sample_775","Conditions C","male"
"776","Sample_776","Conditions C","female"
"777","Sample_777","Conditions C","female"
"778","Sample_778","Conditions C","female"
"779","Sample_779","Conditions C","female"
"780","Sample_780","Conditions C","male"
"781","Sample_781","Conditions C","male"
"782","Sample_782","Conditions C","male"
"783","Sample_783","Conditions C","male"
"784","Sample_784","Conditions C","female"
"785","Sample_785","Conditions C","female"
"786","Sample_786","Conditions C","male"
"787","Sample_787","Conditions C","female"
"788","Sample_788","Conditions C","female"
"789","Sample_789","Conditions C","female"
"790","Sample_790","Conditions C","female"
"791","Sample_791","Conditions C","male"
"792","Sample_792","Conditions C","female"
"793","Sample_793","Conditions C","female"
"794","Sample_794","Conditions C","female"
"795","Sample_795","Conditions C","female"
"796","Sample_796","Conditions C","female"
"797","Sample_797","Conditions C","male"
"798","Sample_798","Conditions C","male"
"799","Sample_799","Conditions C","male"
"800","Sample_800","Conditions C","male"
"801","Sample_801","Conditions C","male"
"802","Sample_802","Conditions C","female"
"803","Sample_803","Conditions C","male"
"804","Sample_804","Conditions C","male"
"805","Sample_805","Conditions C","male"
"806","Sample_806","Conditions C","male"
"807","Sample_807","Conditions C","male"
"808","Sample_808","Conditions C","female"
"809","Sample_809","Conditions C","male"
"810","Sample_810","Conditions C","female"
"811","Sample_811","Conditions C","female"
"812","Sample_812","Conditions C","female"
"813","Sample_813","Conditions C","male"
"814","Sample_814","Conditions C","female"
"815","Sample_815","Conditions C","female"
"816","Sample_816","Conditions C","male"
"817","Sample_817","Conditions C","female"
"818","Sample_818","Conditions C","male"
"819","Sample_819","Conditions C","female"
"820","Sample_820","Conditions C","male"
"821","Sample_821","Conditions C","male"
"822","Sample_822","Conditions C","male"
"823","Sample_823","Conditions C","female"
"824","Sample_824","Conditions C","female"
"825","Sample_825","Conditions C","male"
"826","Sample_826","Conditions C","male"
"827","Sample_827","Conditions C","female"
"828","Sample_828","Conditions C","female"
"829","Sample_829","Conditions C","female"
"830","Sample_830","Conditions C","female"
"831","Sample_831","Conditions C","female"
"832","Sample_832","Conditions C","female"
"833","Sample_833","Conditions C","male"
"834","Sample_834","Conditions C","female"
"835","Sample_835","Conditions C","female"
"836","Sample_836","Conditions C","female"
"837","Sample_837","Conditions C","male"
"838","Sample_838","Conditions C","male"
"839","Sample_839","Conditions C","male"
"840","Sample_840","Conditions C","female"
"841","Sample_841","Conditions C","female"
"842","Sample_842","Conditions C","female"
"843","Sample_843","Conditions C","female"
"844","Sample_844","Conditions C","female"
"845","Sample_845","Conditions C","male"
"846","Sample_846","Conditions C","female"
"847","Sample_847","Conditions C","female"
"848","Sample_848","Conditions C","female"
"849","Sample_849","Conditions C","female"
"850","Sample_850","Conditions C","female"
"851","Sample_851","Conditions C","male"
"852","Sample_852","Conditions C","female"
"853","Sample_853","Conditions C","female"
"854","Sample_854","Conditions C","female"
"855","Sample_855","Conditions C","female"
"856","Sample_856","Conditions C","female"
"857","Sample_857","Conditions C","female"
"858","Sample_858","Conditions C","female"
"859","Sample_859","Conditions C","female"
"860","Sample_860","Conditions C","female"
"861","Sample_848","Conditions C","female"
"862","Sample_862","Conditions C","female"
"863","Sample_842","Conditions C","female"
"864","Sample_864","Conditions C","female"
"865","Sample_865","Conditions C","male"
"866","Sample_866","Conditions C","female"
"867","Sample_867","Conditions C","female"
"868","Sample_868","Conditions C","male"
"869","Sample_869","Conditions C","female"
"870","Sample_870","Conditions C","female"
"871","Sample_871","Conditions C","male"
"872","Sample_872","Conditions C","female"
"873","Sample_873","Conditions C","male"
"874","Sample_839","Conditions C","male"
"875","Sample_875","Conditions C","male"
"876","Sample_876","Conditions C","male"
"877","Sample_877","Conditions C","female"
"878","Sample_878","Conditions C","female"
"879","Sample_879","Conditions C","male"
"880","Sample_880","Conditions C","male"
"881","Sample_881","Conditions C","female"
"882","Sample_882","Conditions C","female"
"883","Sample_883","Conditions C","female"
"884","Sample_884","Conditions C","male"
"885","Sample_885","Conditions C","female"
"886","Sample_886","Conditions C","female"
"887","Sample_887","Conditions C","female"
"888","Sample_888","Conditions C","female"
"889","Sample_889","Conditions C","female"
"890","Sample_890","Conditions C","male"
"891","Sample_891","Conditions C","female"
"892","Sample_892","Conditions C","male"
"893","Sample_893","Conditions C","male"
"894","Sample_894","Conditions C","male"
"895","Sample_895","Conditions C","male"
"896","Sample_896","Conditions C","male"
"897","Sample_897","Conditions C","male"
"898","Sample_898","Conditions C","female"
"899","Sample_899","Conditions C","female"
"900","Sample_900","Conditions C","female"
"901","Sample_901","Conditions C","male"
"902","Sample_902","Conditions C","female"
"903","Sample_903","Conditions C","female"
"904","Sample_904","Conditions C","female"
"905","Sample_905","Conditions C","male"
"906","Sample_906","Conditions C","male"
"907","Sample_907","Conditions C","female"
"908","Sample_908","Conditions C","female"
"909","Sample_909","Conditions C","male"
"910","Sample_910","Conditions C","female"
"911","Sample_911","Conditions C","female"
"912","Sample_912","Conditions C","male"
"913","Sample_913","Conditions C","male"
"914","Sample_914","Conditions C","male"
"915","Sample_915","Conditions C","female"
"916","Sample_916","Conditions C","female"
"917","Sample_917","Conditions C","female"
"918","Sample_918","Conditions C","male"
"919","Sample_919","Conditions C","female"
"920","Sample_920","Conditions C","male"
"921","Sample_921","Conditions C","female"
"922","Sample_922","Conditions C","male"
"923","Sample_923","Conditions C","female"
"924","Sample_924","Conditions C","female"
"925","Sample_925","Conditions C","female"
"926","Sample_926","Conditions C","male"
"927","Sample_927","Conditions C","male"
"928","Sample_928","Conditions C","female"
"929","Sample_929","Conditions C","female"
"930","Sample_930","Conditions C","female"
"931","Sample_931","Conditions C","female"
"932","Sample_932","Conditions C","male"
"933","Sample_933","Conditions C","female"
"934","Sample_934","Conditions C","female"
"935","Sample_935","Conditions C","male"
"936","Sample_936","Conditions C","female"
"937","Sample_937","Conditions C","female"
"938","Sample_938","Conditions C","female"
"939","Sample_939","Conditions C","male"
"940","Sample_940","Conditions C","female"
"941","Sample_941","Conditions C","male"
"942","Sample_942","Conditions C","male"
"943","Sample_943","Conditions C","male"
"944","Sample_944","Conditions C","female"
"945","Sample_945","Conditions C","male"
"946","Sample_946","Conditions C","female"
"947","Sample_947","Conditions C","female"
"948","Sample_948","Conditions C","male"
"949","Sample_949","Conditions C","female"
"950","Sample_950","Conditions C","male"
"951","Sample_951","Conditions C","male"
"952","Sample_952","Conditions C","male"
"953","Sample_953","Conditions C","male"
"954","Sample_954","Conditions C","male"
"955","Sample_955","Conditions C","male"
"956","Sample_956","Conditions C","male"
"957","Sample_957","Conditions C","female"
"958","Sample_958","Conditions C","male"
"959","Sample_959","Conditions C","female"
"960","Sample_960","Conditions C","male"
"961","Sample_961","Conditions C","male"
"962","Sample_962","Conditions C","female"
"963","Sample_963","Conditions C","male"
"964","Sample_964","Conditions C","male"
"965","Sample_965","Conditions C","male"
"966","Sample_966","Conditions C","female"
"967","Sample_967","Conditions C","female"
"968","Sample_968","Conditions C","male"
"969","Sample_969","Conditions C","female"
"970","Sample_970","Conditions C","female"
"971","Sample_971","Conditions C","female"
"972","Sample_972","Conditions C","male"
"973","Sample_973","Conditions C","male"
"974","Sample_974","Conditions C","male"
"975","Sample_975","Conditions C","male"
"976","Sample_976","Conditions C","female"
"977","Sample_977","Conditions C","female"
"978","Sample_978","Conditions C","female"
"979","Sample_979","Conditions C","female"
"980","Sample_980","Conditions C","male"
"981","Sample_981","Conditions C","male"
"982","Sample_982","Conditions C","female"
"983","Sample_983","Conditions C","male"
"984","Sample_984","Conditions C","female"
"985","Sample_985","Conditions C","female"
"986","Sample_986","Conditions C","female"
"987","Sample_987","Conditions C","female"
"988","Sample_988","Conditions C","female"
"989","Sample_989","Conditions C","male"
"990","Sample_990","Conditions C","female"
"991","Sample_991","Conditions C","male"
"992","Sample_992","Conditions C","male"
"993","Sample_875","Conditions C","male"
"994","Sample_994","Conditions C","female"
"995","Sample_995","Conditions C","female"
"996","Sample_996","Conditions C","female"
"997","Sample_997","Conditions C","male"
"998","Sample_998","Conditions C","male"
"999","Sample_999","Conditions C","female"
"1000","Sample_1000","Conditions C","male"
"1001","Sample_1001","Conditions C","female"
"1002","Sample_1002","Conditions C","female"
"1003","Sample_1003","Conditions C","male"
"1004","Sample_1004","Conditions C","female"
"1005","Sample_1005","Conditions C","female"
"1006","Sample_1006","Conditions C","male"
"1007","Sample_1007","Conditions C","male"
"1008","Sample_1008","Conditions C","female"
"1009","Sample_1009","Conditions C","female"
"1010","Sample_1010","Conditions C","male"
"1011","Sample_1011","Conditions C","female"
"1012","Sample_1012","Conditions C","female"
"1013","Sample_1013","Conditions C","female"
"1014","Sample_1014","Conditions C","female"
"1015","Sample_1015","Conditions C","male"
"1016","Sample_1016","Conditions C","male"
"1017","Sample_1017","Conditions C","female"
"1018","Sample_916","Conditions C","female"
"1019","Sample_1019","Conditions C","female"
"1020","Sample_1020","Conditions C","male"
"1021","Sample_1021","Conditions C","male"
"1022","Sample_884","Conditions C","male"
"1023","Sample_1023","Conditions C","female"
"1024","Sample_1024","Conditions C","female"
"1025","Sample_1025","Conditions C","female"
"1026","Sample_1026","Conditions C","female"
"1027","Sample_1027","Conditions C","male"
"1028","Sample_900","Conditions C","female"
"1029","Sample_1029","Conditions C","female"
"1030","Sample_885","Conditions C","female"
"1031","Sample_1031","Conditions C","male"
"1032","Sample_1032","Conditions C","female"
"1033","Sample_1033","Conditions C","male"
"1034","Sample_1034","Conditions C","male"
"1035","Sample_1035","Conditions C","male"
"1036","Sample_1036","Conditions C","male"
"1037","Sample_1037","Conditions C","male"
"1038","Sample_1038","Conditions C","male"
"1039","Sample_1039","Conditions C","female"
"1040","Sample_1040","Conditions C","female"
"1041","Sample_1041","Conditions C","male"
"1042","Sample_1042","Conditions C","male"
"1043","Sample_1043","Conditions C","female"
"1044","Sample_1044","Conditions C","female"
"1045","Sample_1045","Conditions C","male"
"1046","Sample_1046","Conditions C","female"
"1047","Sample_1047","Conditions C","female"
"1048","Sample_1048","Conditions C","female"
"1049","Sample_1049","Conditions C","male"
"1050","Sample_1050","Conditions C","female"
"1051","Sample_1051","Conditions C","female"
"1052","Sample_1052","Conditions C","female"
"1053","Sample_1053","Conditions C","female"
"1054","Sample_1054","Conditions C","female"
"1055","Sample_1055","Conditions C","male"
"1056","Sample_1056","Conditions C","female"
"1057","Sample_1057","Conditions C","male"
"1058","Sample_1058","Conditions C","male"
"1059","Sample_1059","Conditions C","female"
"1060","Sample_1060","Conditions C","male"
"1061","Sample_1061","Conditions C","female"
"1062","Sample_1062","Conditions C","male"
"1063","Sample_1063","Conditions C","female"
"1064","Sample_1064","Conditions C","male"
"1065","Sample_1065","Conditions C","female"
"1066","Sample_1066","Conditions C","female"
"1067","Sample_1067","Conditions C","female"
"1068","Sample_1068","Conditions C","female"
"1069","Sample_1069","Conditions C","female"
"1070","Sample_1070","Conditions C","female"
"1071","Sample_940","Conditions C","female"
"1072","Sample_1072","Conditions D","female"
"1073","Sample_1073","Conditions D","female"
"1074","Sample_1074","Conditions D","female"
"1075","Sample_1075","Conditions D","female"
"1076","Sample_1076","Conditions D","female"
"1077","Sample_1077","Conditions D","male"
"1078","Sample_1078","Conditions D","female"
"1079","Sample_1079","Conditions D","female"
"1080","Sample_1080","Conditions D","female"
"1081","Sample_1081","Conditions D","male"
"1082","Sample_1082","Conditions D","female"
"1083","Sample_1083","Conditions D","male"
"1084","Sample_1084","Conditions D","female"
"1085","Sample_1085","Conditions D","male"
"1086","Sample_1086","Conditions D","male"
"1087","Sample_1087","Conditions D","female"
"1088","Sample_1088","Conditions D","female"
"1089","Sample_1089","Conditions D","female"
"1090","Sample_1090","Conditions D","female"
"1091","Sample_1091","Conditions D","male"
"1092","Sample_1092","Conditions D","female"
"1093","Sample_1093","Conditions D","female"
"1094","Sample_1094","Conditions D","female"
"1095","Sample_1095","Conditions D","male"
"1096","Sample_1096","Conditions D","female"
"1097","Sample_1097","Conditions D","female"
"1098","Sample_1098","Conditions D","female"
"1099","Sample_1099","Conditions D","male"
"1100","Sample_1100","Conditions D","female"
"1101","Sample_1101","Conditions D","male"
"1102","Sample_1102","Conditions D","female"
"1103","Sample_1103","Conditions D","female"
"1104","Sample_1104","Conditions D","female"
"1105","Sample_1105","Conditions D","male"
"1106","Sample_1106","Conditions D","female"
"1107","Sample_1107","Conditions D","female"
"1108","Sample_1108","Conditions D","female"
"1109","Sample_1109","Conditions D","female"
"1110","Sample_1110","Conditions D","female"
"1111","Sample_1111","Conditions D","female"
"1112","Sample_1112","Conditions D","female"
"1113","Sample_1113","Conditions D","male"
"1114","Sample_1114","Conditions D","male"
"1115","Sample_1115","Conditions D","female"
"1116","Sample_1116","Conditions D","female"
"1117","Sample_1117","Conditions D","male"
"1118","Sample_1118","Conditions D","female"
"1119","Sample_1119","Conditions D","female"
"1120","Sample_1120","Conditions D","male"
"1121","Sample_1121","Conditions D","female"
"1122","Sample_1122","Conditions D","female"
"1123","Sample_1123","Conditions D","female"
"1124","Sample_1124","Conditions D","male"
"1125","Sample_1125","Conditions D","male"
"1126","Sample_1126","Conditions D","female"
"1127","Sample_1127","Conditions D","female"
"1128","Sample_1128","Conditions D","female"
"1129","Sample_1129","Conditions D","female"
"1130","Sample_1130","Conditions D","male"
"1131","Sample_1131","Conditions D","female"
"1132","Sample_1132","Conditions D","female"
"1133","Sample_1133","Conditions D","male"
"1134","Sample_1134","Conditions D","female"
"1135","Sample_1135","Conditions D","male"
"1136","Sample_1136","Conditions D","female"
"1137","Sample_1137","Conditions D","female"
"1138","Sample_1138","Conditions D","female"
"1139","Sample_1139","Conditions D","female"
"1140","Sample_1140","Conditions D","female"
"1141","Sample_1141","Conditions D","male"
"1142","Sample_1142","Conditions D","male"
"1143","Sample_1143","Conditions D","male"
"1144","Sample_1144","Conditions D","male"
"1145","Sample_1145","Conditions D","female"
"1146","Sample_1146","Conditions D","female"
"1147","Sample_1147","Conditions D","male"
"1148","Sample_1148","Conditions D","female"
"1149","Sample_1149","Conditions D","female"
"1150","Sample_1150","Conditions D","female"
"1151","Sample_1151","Conditions D","female"
"1152","Sample_1152","Conditions D","male"
"1153","Sample_1153","Conditions D","female"
"1154","Sample_1154","Conditions D","female"
"1155","Sample_1155","Conditions D","female"
"1156","Sample_1156","Conditions D","male"
"1157","Sample_1157","Conditions D","female"
"1158","Sample_1158","Conditions D","female"
"1159","Sample_1159","Conditions D","female"
"1160","Sample_1160","Conditions D","female"
"1161","Sample_1161","Conditions D","female"
"1162","Sample_1162","Conditions D","female"
"1163","Sample_1163","Conditions D","male"
"1164","Sample_1164","Conditions D","male"
"1165","Sample_1165","Conditions D","male"
"1166","Sample_1166","Conditions D","male"
"1167","Sample_1167","Conditions D","male"
"1168","Sample_1168","Conditions D","female"
"1169","Sample_1169","Conditions D","male"
"1170","Sample_1170","Conditions D","male"
"1171","Sample_1171","Conditions D","male"
"1172","Sample_1172","Conditions D","male"
"1173","Sample_1173","Conditions D","male"
"1174","Sample_1174","Conditions D","female"
"1175","Sample_1175","Conditions D","male"
"1176","Sample_1176","Conditions D","female"
"1177","Sample_1177","Conditions D","female"
"1178","Sample_1178","Conditions D","female"
"1179","Sample_1179","Conditions D","male"
"1180","Sample_1180","Conditions D","female"
"1181","Sample_1181","Conditions D","female"
"1182","Sample_1182","Conditions D","female"
"1183","Sample_1183","Conditions D","male"
"1184","Sample_1184","Conditions D","female"
"1185","Sample_1185","Conditions D","male"
"1186","Sample_1186","Conditions D","female"
"1187","Sample_1187","Conditions D","male"
"1188","Sample_1188","Conditions D","female"
"1189","Sample_1189","Conditions D","male"
"1190","Sample_1190","Conditions D","female"
"1191","Sample_1191","Conditions D","female"
"1192","Sample_1192","Conditions D","female"
"1193","Sample_1193","Conditions D","female"
"1194","Sample_1194","Conditions D","female"
"1195","Sample_1195","Conditions D","female"
"1196","Sample_1196","Conditions D","female"
"1197","Sample_1197","Conditions D","male"
"1198","Sample_1198","Conditions D","male"
"1199","Sample_1199","Conditions D","male"
"1200","Sample_1200","Conditions D","male"
"1201","Sample_1201","Conditions D","female"
"1202","Sample_1202","Conditions D","female"
"1203","Sample_1203","Conditions D","female"
"1204","Sample_1204","Conditions D","female"
"1205","Sample_1205","Conditions D","male"
"1206","Sample_1206","Conditions D","female"
"1207","Sample_1207","Conditions D","female"
"1208","Sample_1208","Conditions D","female"
"1209","Sample_1209","Conditions D","female"
"1210","Sample_1210","Conditions D","female"
"1211","Sample_1211","Conditions D","female"
"1212","Sample_1212","Conditions D","female"
"1213","Sample_1213","Conditions D","female"
"1214","Sample_1214","Conditions D","female"
"1215","Sample_1215","Conditions D","female"
"1216","Sample_1190","Conditions D","female"
"1217","Sample_1217","Conditions D","female"
"1218","Sample_1202","Conditions D","female"
"1219","Sample_1219","Conditions D","female"
"1220","Sample_1220","Conditions D","male"
"1221","Sample_1221","Conditions D","female"
"1222","Sample_1222","Conditions D","female"
"1223","Sample_1223","Conditions D","male"
"1224","Sample_1224","Conditions D","female"
"1225","Sample_1225","Conditions D","female"
"1226","Sample_1226","Conditions D","female"
"1227","Sample_1200","Conditions D","male"
"1228","Sample_1228","Conditions D","male"
"1229","Sample_1229","Conditions D","male"
"1230","Sample_1230","Conditions D","female"
"1231","Sample_1231","Conditions D","male"
"1232","Sample_1232","Conditions D","female"
"1233","Sample_1233","Conditions D","female"
"1234","Sample_1234","Conditions D","male"
"1235","Sample_1235","Conditions D","female"
"1236","Sample_1236","Conditions D","male"
"1237","Sample_1237","Conditions D","male"
"1238","Sample_1238","Conditions D","male"
"1239","Sample_1239","Conditions D","male"
"1240","Sample_1240","Conditions D","male"
"1241","Sample_1241","Conditions D","male"
"1242","Sample_1242","Conditions D","female"
"1243","Sample_1243","Conditions D","female"
"1244","Sample_1244","Conditions D","male"
"1245","Sample_1245","Conditions D","female"
"1246","Sample_1246","Conditions D","female"
"1247","Sample_1247","Conditions D","female"
"1248","Sample_1248","Conditions D","female"
"1249","Sample_1249","Conditions D","female"
"1250","Sample_1250","Conditions D","male"
"1251","Sample_1251","Conditions D","female"
"1252","Sample_1252","Conditions D","female"
"1253","Sample_1253","Conditions D","male"
"1254","Sample_1254","Conditions D","female"
"1255","Sample_1255","Conditions D","female"
"1256","Sample_1256","Conditions D","female"
"1257","Sample_1257","Conditions D","male"
"1258","Sample_1258","Conditions D","female"
"1259","Sample_1259","Conditions D","female"
"1260","Sample_1260","Conditions D","male"
"1261","Sample_1261","Conditions D","female"
"1262","Sample_1262","Conditions D","female"
"1263","Sample_1263","Conditions D","male"
"1264","Sample_1264","Conditions D","male"
"1265","Sample_1265","Conditions D","male"
"1266","Sample_1266","Conditions D","female"
"1267","Sample_1267","Conditions D","female"
"1268","Sample_1268","Conditions D","female"
"1269","Sample_1269","Conditions D","male"
"1270","Sample_1270","Conditions D","female"
"1271","Sample_1271","Conditions D","male"
"1272","Sample_1272","Conditions D","female"
"1273","Sample_1273","Conditions D","male"
"1274","Sample_1274","Conditions D","female"
"1275","Sample_1275","Conditions D","female"
"1276","Sample_1276","Conditions D","female"
"1277","Sample_1277","Conditions D","female"
"1278","Sample_1278","Conditions D","male"
"1279","Sample_1279","Conditions D","male"
"1280","Sample_1280","Conditions D","female"
"1281","Sample_1281","Conditions D","female"
"1282","Sample_1282","Conditions D","female"
"1283","Sample_1283","Conditions D","female"
"1284","Sample_1284","Conditions D","male"
"1285","Sample_1285","Conditions D","female"
"1286","Sample_1286","Conditions D","male"
"1287","Sample_1287","Conditions D","female"
"1288","Sample_1288","Conditions D","female"
"1289","Sample_1289","Conditions D","female"
"1290","Sample_1290","Conditions D","male"
"1291","Sample_1291","Conditions D","female"
"1292","Sample_1292","Conditions D","male"
"1293","Sample_1293","Conditions D","male"
"1294","Sample_1294","Conditions D","female"
"1295","Sample_1295","Conditions D","male"
"1296","Sample_1296","Conditions D","female"
"1297","Sample_1297","Conditions D","female"
"1298","Sample_1298","Conditions D","male"
"1299","Sample_1299","Conditions D","female"
"1300","Sample_1300","Conditions D","male"
"1301","Sample_1301","Conditions D","male"
"1302","Sample_1302","Conditions D","male"
"1303","Sample_1303","Conditions D","male"
"1304","Sample_1304","Conditions D","male"
"1305","Sample_1305","Conditions D","male"
"1306","Sample_1306","Conditions D","male"
"1307","Sample_1307","Conditions D","female"
"1308","Sample_1308","Conditions D","male"
"1309","Sample_1309","Conditions D","female"
"1310","Sample_1310","Conditions D","male"
"1311","Sample_1311","Conditions D","male"
"1312","Sample_1312","Conditions D","female"
"1313","Sample_1313","Conditions D","male"
"1314","Sample_1314","Conditions D","male"
"1315","Sample_1315","Conditions D","male"
"1316","Sample_1316","Conditions D","male"
"1317","Sample_1317","Conditions D","female"
"1318","Sample_1318","Conditions D","female"
"1319","Sample_1319","Conditions D","male"
"1320","Sample_1320","Conditions D","female"
"1321","Sample_1321","Conditions D","female"
"1322","Sample_1322","Conditions D","female"
"1323","Sample_1323","Conditions D","male"
"1324","Sample_1324","Conditions D","male"
"1325","Sample_1325","Conditions D","male"
"1326","Sample_1326","Conditions D","male"
"1327","Sample_1327","Conditions D","female"
"1328","Sample_1328","Conditions D","female"
"1329","Sample_1329","Conditions D","female"
"1330","Sample_1330","Conditions D","female"
"1331","Sample_1331","Conditions D","male"
"1332","Sample_1332","Conditions D","female"
"1333","Sample_1333","Conditions D","male"
"1334","Sample_1334","Conditions D","female"
"1335","Sample_1335","Conditions D","female"
"1336","Sample_1336","Conditions D","female"
"1337","Sample_1337","Conditions D","female"
"1338","Sample_1338","Conditions D","female"
"1339","Sample_1339","Conditions D","male"
"1340","Sample_1340","Conditions D","female"
"1341","Sample_1341","Conditions D","male"
"1342","Sample_1228","Conditions D","male"
"1343","Sample_1343","Conditions D","female"
"1344","Sample_1344","Conditions D","female"
"1345","Sample_1345","Conditions D","male"
"1346","Sample_1346","Conditions D","male"
"1347","Sample_1347","Conditions D","female"
"1348","Sample_1348","Conditions D","male"
"1349","Sample_1349","Conditions D","female"
"1350","Sample_1350","Conditions D","male"
"1351","Sample_1351","Conditions D","female"
"1352","Sample_1352","Conditions D","female"
"1353","Sample_1353","Conditions D","male"
"1354","Sample_1354","Conditions D","male"
"1355","Sample_1355","Conditions D","female"
"1356","Sample_1356","Conditions D","female"
"1357","Sample_1357","Conditions D","male"
"1358","Sample_1358","Conditions D","female"
"1359","Sample_1359","Conditions D","female"
"1360","Sample_1360","Conditions D","female"
"1361","Sample_1361","Conditions D","female"
"1362","Sample_1362","Conditions D","male"
"1363","Sample_1363","Conditions D","male"
"1364","Sample_1364","Conditions D","female"
"1365","Sample_1267","Conditions D","female"
"1366","Sample_1366","Conditions D","female"
"1367","Sample_1367","Conditions D","female"
"1368","Sample_1368","Conditions D","male"
"1369","Sample_1369","Conditions D","male"
"1370","Sample_1370","Conditions D","female"
"1371","Sample_1371","Conditions D","female"
"1372","Sample_1372","Conditions D","female"
"1373","Sample_1373","Conditions D","female"
"1374","Sample_1374","Conditions D","male"
"1375","Sample_1252","Conditions D","female"
"1376","Sample_1376","Conditions D","female"
"1377","Sample_1251","Conditions D","female"
"1378","Sample_1378","Conditions D","female"
"1379","Sample_1379","Conditions D","male"
"1380","Sample_1380","Conditions D","male"
"1381","Sample_1381","Conditions D","female"
"1382","Sample_1382","Conditions D","male"
"1383","Sample_1383","Conditions D","male"
"1384","Sample_1384","Conditions D","male"
"1385","Sample_1385","Conditions D","male"
"1386","Sample_1386","Conditions D","male"
"1387","Sample_1387","Conditions D","female"
"1388","Sample_1388","Conditions D","female"
"1389","Sample_1389","Conditions D","male"
"1390","Sample_1390","Conditions D","female"
"1391","Sample_1391","Conditions D","female"
"1392","Sample_1392","Conditions D","male"
"1393","Sample_1393","Conditions D","female"
"1394","Sample_1394","Conditions D","female"
"1395","Sample_1395","Conditions D","female"
"1396","Sample_1396","Conditions D","male"
"1397","Sample_1397","Conditions D","female"
"1398","Sample_1398","Conditions D","female"
"1399","Sample_1399","Conditions D","female"
"1400","Sample_1400","Conditions D","female"
"1401","Sample_1401","Conditions D","male"
"1402","Sample_1402","Conditions D","female"
"1403","Sample_1403","Conditions D","male"
"1404","Sample_1404","Conditions D","male"
"1405","Sample_1405","Conditions D","female"
"1406","Sample_1406","Conditions D","male"
"1407","Sample_1407","Conditions D","female"
"1408","Sample_1408","Conditions D","male"
"1409","Sample_1409","Conditions D","female"
"1410","Sample_1410","Conditions D","male"
"1411","Sample_1411","Conditions D","female"
"1412","Sample_1412","Conditions D","female"
"1413","Sample_1413","Conditions D","male"
"1414","Sample_1414","Conditions D","male"
"1415","Sample_1415","Conditions D","female"
"1416","Sample_1416","Conditions D","male"
"1417","Sample_1417","Conditions D","female"
"1418","Sample_1418","Conditions D","male"
"1419","Sample_1419","Conditions D","male"
"1420","Sample_1420","Conditions D","male"
"1421","Sample_1421","Conditions D","female"
"1422","Sample_1250","Conditions D","male"
"1423","Sample_1423","Conditions D","male"
"1424","Sample_1424","Conditions D","male"
"1425","Sample_1425","Conditions D","female"
"1426","Sample_1306","Conditions D","male"
"1427","Sample_1331","Conditions D","male"
"1428","Sample_1428","Conditions E","female"
"1429","Sample_1429","Conditions E","female"
"1430","Sample_1430","Conditions E","female"
"1431","Sample_1431","Conditions E","female"
"1432","Sample_1432","Conditions E","female"
"1433","Sample_1433","Conditions E","male"
"1434","Sample_1434","Conditions E","female"
"1435","Sample_1435","Conditions E","female"
"1436","Sample_1436","Conditions E","female"
"1437","Sample_1437","Conditions E","male"
"1438","Sample_1438","Conditions E","female"
"1439","Sample_1439","Conditions E","male"
"1440","Sample_1440","Conditions E","female"
"1441","Sample_1441","Conditions E","male"
"1442","Sample_1442","Conditions E","male"
"1443","Sample_1443","Conditions E","female"
"1444","Sample_1444","Conditions E","female"
"1445","Sample_1445","Conditions E","female"
"1446","Sample_1446","Conditions E","female"
"1447","Sample_1447","Conditions E","male"
"1448","Sample_1448","Conditions E","female"
"1449","Sample_1449","Conditions E","female"
"1450","Sample_1450","Conditions E","female"
"1451","Sample_1451","Conditions E","male"
"1452","Sample_1452","Conditions E","female"
"1453","Sample_1453","Conditions E","female"
"1454","Sample_1454","Conditions E","female"
"1455","Sample_1455","Conditions E","female"
"1456","Sample_1456","Conditions E","female"
"1457","Sample_1457","Conditions E","male"
"1458","Sample_1458","Conditions E","female"
"1459","Sample_1459","Conditions E","female"
"1460","Sample_1460","Conditions E","female"
"1461","Sample_1461","Conditions E","male"
"1462","Sample_1462","Conditions E","female"
"1463","Sample_1463","Conditions E","female"
"1464","Sample_1464","Conditions E","female"
"1465","Sample_1465","Conditions E","female"
"1466","Sample_1466","Conditions E","female"
"1467","Sample_1467","Conditions E","female"
"1468","Sample_1468","Conditions E","female"
"1469","Sample_1469","Conditions E","male"
"1470","Sample_1470","Conditions E","male"
"1471","Sample_1471","Conditions E","male"
"1472","Sample_1472","Conditions E","female"
"1473","Sample_1473","Conditions E","female"
"1474","Sample_1474","Conditions E","male"
"1475","Sample_1475","Conditions E","female"
"1476","Sample_1476","Conditions E","female"
"1477","Sample_1477","Conditions E","male"
"1478","Sample_1478","Conditions E","female"
"1479","Sample_1479","Conditions E","female"
"1480","Sample_1480","Conditions E","female"
"1481","Sample_1481","Conditions E","female"
"1482","Sample_1482","Conditions E","female"
"1483","Sample_1483","Conditions E","female"
"1484","Sample_1484","Conditions E","female"
"1485","Sample_1485","Conditions E","female"
"1486","Sample_1486","Conditions E","female"
"1487","Sample_1487","Conditions E","female"
"1488","Sample_1488","Conditions E","male"
"1489","Sample_1489","Conditions E","female"
"1490","Sample_1490","Conditions E","male"
"1491","Sample_1491","Conditions E","female"
"1492","Sample_1492","Conditions E","female"
"1493","Sample_1493","Conditions E","male"
"1494","Sample_1494","Conditions E","male"
"1495","Sample_1495","Conditions E","male"
"1496","Sample_1496","Conditions E","female"
"1497","Sample_1497","Conditions E","female"
"1498","Sample_1498","Conditions E","male"
"1499","Sample_1499","Conditions E","female"
"1500","Sample_1500","Conditions E","female"
"1501","Sample_1501","Conditions E","female"
"1502","Sample_1502","Conditions E","male"
"1503","Sample_1503","Conditions E","female"
"1504","Sample_1504","Conditions E","female"
"1505","Sample_1505","Conditions E","female"
"1506","Sample_1506","Conditions E","female"
"1507","Sample_1507","Conditions E","female"
"1508","Sample_1508","Conditions E","female"
"1509","Sample_1509","Conditions E","male"
"1510","Sample_1510","Conditions E","male"
"1511","Sample_1511","Conditions E","male"
"1512","Sample_1512","Conditions E","male"
"1513","Sample_1513","Conditions E","male"
"1514","Sample_1514","Conditions E","female"
"1515","Sample_1515","Conditions E","male"
"1516","Sample_1516","Conditions E","male"
"1517","Sample_1517","Conditions E","male"
"1518","Sample_1518","Conditions E","male"
"1519","Sample_1519","Conditions E","female"
"1520","Sample_1520","Conditions E","male"
"1521","Sample_1521","Conditions E","female"
"1522","Sample_1522","Conditions E","female"
"1523","Sample_1523","Conditions E","female"
"1524","Sample_1524","Conditions E","male"
"1525","Sample_1525","Conditions E","female"
"1526","Sample_1526","Conditions E","female"
"1527","Sample_1527","Conditions E","female"
"1528","Sample_1528","Conditions E","male"
"1529","Sample_1529","Conditions E","female"
"1530","Sample_1530","Conditions E","male"
"1531","Sample_1531","Conditions E","female"
"1532","Sample_1532","Conditions E","male"
"1533","Sample_1533","Conditions E","male"
"1534","Sample_1534","Conditions E","male"
"1535","Sample_1535","Conditions E","female"
"1536","Sample_1536","Conditions E","female"
"1537","Sample_1537","Conditions E","male"
"1538","Sample_1538","Conditions E","male"
"1539","Sample_1539","Conditions E","male"
"1540","Sample_1540","Conditions E","male"
"1541","Sample_1541","Conditions E","male"
"1542","Sample_1542","Conditions E","female"
"1543","Sample_1543","Conditions E","male"
"1544","Sample_1544","Conditions E","male"
"1545","Sample_1545","Conditions E","female"
"1546","Sample_1546","Conditions E","male"
"1547","Sample_1547","Conditions E","female"
"1548","Sample_1548","Conditions E","female"
"1549","Sample_1549","Conditions E","female"
"1550","Sample_1550","Conditions E","male"
"1551","Sample_1551","Conditions E","male"
"1552","Sample_1552","Conditions E","male"
"1553","Sample_1553","Conditions E","female"
"1554","Sample_1554","Conditions E","female"
"1555","Sample_1555","Conditions E","female"
"1556","Sample_1556","Conditions E","female"
"1557","Sample_1557","Conditions E","female"
"1558","Sample_1558","Conditions E","female"
"1559","Sample_1559","Conditions E","female"
"1560","Sample_1560","Conditions E","female"
"1561","Sample_1561","Conditions E","female"
"1562","Sample_1562","Conditions E","female"
"1563","Sample_1563","Conditions E","male"
"1564","Sample_1564","Conditions E","female"
"1565","Sample_1565","Conditions E","female"
"1566","Sample_1566","Conditions E","female"
"1567","Sample_1567","Conditions E","female"
"1568","Sample_1568","Conditions E","female"
"1569","Sample_1569","Conditions E","female"
"1570","Sample_1570","Conditions E","female"
"1571","Sample_1571","Conditions E","female"
"1572","Sample_1572","Conditions E","female"
"1573","Sample_1573","Conditions E","female"
"1574","Sample_1559","Conditions E","female"
"1575","Sample_1575","Conditions E","female"
"1576","Sample_1554","Conditions E","female"
"1577","Sample_1577","Conditions E","female"
"1578","Sample_1578","Conditions E","male"
"1579","Sample_1579","Conditions E","female"
"1580","Sample_1580","Conditions E","female"
"1581","Sample_1581","Conditions E","male"
"1582","Sample_1582","Conditions E","female"
"1583","Sample_1583","Conditions E","male"
"1584","Sample_1584","Conditions E","female"
"1585","Sample_1585","Conditions E","male"
"1586","Sample_1552","Conditions E","male"
"1587","Sample_1587","Conditions E","male"
"1588","Sample_1588","Conditions E","male"
"1589","Sample_1589","Conditions E","female"
"1590","Sample_1590","Conditions E","female"
"1591","Sample_1591","Conditions E","male"
"1592","Sample_1592","Conditions E","male"
"1593","Sample_1593","Conditions E","female"
"1594","Sample_1594","Conditions E","female"
"1595","Sample_1595","Conditions E","female"
"1596","Sample_1596","Conditions E","female"
"1597","Sample_1597","Conditions E","male"
"1598","Sample_1598","Conditions E","female"
"1599","Sample_1599","Conditions E","female"
"1600","Sample_1600","Conditions E","female"
"1601","Sample_1601","Conditions E","female"
"1602","Sample_1602","Conditions E","male"
"1603","Sample_1603","Conditions E","female"
"1604","Sample_1604","Conditions E","male"
"1605","Sample_1605","Conditions E","male"
"1606","Sample_1606","Conditions E","male"
"1607","Sample_1607","Conditions E","male"
"1608","Sample_1608","Conditions E","male"
"1609","Sample_1609","Conditions E","male"
"1610","Sample_1610","Conditions E","female"
"1611","Sample_1611","Conditions E","female"
"1612","Sample_1612","Conditions E","female"
"1613","Sample_1613","Conditions E","male"
"1614","Sample_1614","Conditions E","female"
"1615","Sample_1615","Conditions E","female"
"1616","Sample_1616","Conditions E","female"
"1617","Sample_1617","Conditions E","male"
"1618","Sample_1618","Conditions E","male"
"1619","Sample_1619","Conditions E","female"
"1620","Sample_1620","Conditions E","female"
"1621","Sample_1621","Conditions E","male"
"1622","Sample_1622","Conditions E","female"
"1623","Sample_1623","Conditions E","female"
"1624","Sample_1624","Conditions E","male"
"1625","Sample_1625","Conditions E","male"
"1626","Sample_1626","Conditions E","male"
"1627","Sample_1627","Conditions E","female"
"1628","Sample_1628","Conditions E","female"
"1629","Sample_1629","Conditions E","male"
"1630","Sample_1630","Conditions E","female"
"1631","Sample_1631","Conditions E","male"
"1632","Sample_1632","Conditions E","female"
"1633","Sample_1633","Conditions E","male"
"1634","Sample_1634","Conditions E","female"
"1635","Sample_1635","Conditions E","female"
"1636","Sample_1636","Conditions E","female"
"1637","Sample_1637","Conditions E","female"
"1638","Sample_1638","Conditions E","male"
"1639","Sample_1639","Conditions E","male"
"1640","Sample_1640","Conditions E","female"
"1641","Sample_1641","Conditions E","female"
"1642","Sample_1642","Conditions E","female"
"1643","Sample_1643","Conditions E","female"
"1644","Sample_1644","Conditions E","male"
"1645","Sample_1645","Conditions E","female"
"1646","Sample_1646","Conditions E","female"
"1647","Sample_1647","Conditions E","male"
"1648","Sample_1648","Conditions E","female"
"1649","Sample_1649","Conditions E","female"
"1650","Sample_1650","Conditions E","female"
"1651","Sample_1651","Conditions E","female"
"1652","Sample_1652","Conditions E","male"
"1653","Sample_1653","Conditions E","male"
"1654","Sample_1654","Conditions E","male"
"1655","Sample_1655","Conditions E","female"
"1656","Sample_1656","Conditions E","male"
"1657","Sample_1657","Conditions E","female"
"1658","Sample_1658","Conditions E","male"
"1659","Sample_1659","Conditions E","female"
"1660","Sample_1660","Conditions E","male"
"1661","Sample_1661","Conditions E","male"
"1662","Sample_1662","Conditions E","male"
"1663","Sample_1663","Conditions E","male"
"1664","Sample_1664","Conditions E","male"
"1665","Sample_1665","Conditions E","male"
"1666","Sample_1666","Conditions E","female"
"1667","Sample_1667","Conditions E","male"
"1668","Sample_1668","Conditions E","female"
"1669","Sample_1669","Conditions E","male"
"1670","Sample_1670","Conditions E","male"
"1671","Sample_1671","Conditions E","female"
"1672","Sample_1672","Conditions E","male"
"1673","Sample_1673","Conditions E","male"
"1674","Sample_1674","Conditions E","male"
"1675","Sample_1675","Conditions E","male"
"1676","Sample_1676","Conditions E","female"
"1677","Sample_1677","Conditions E","female"
"1678","Sample_1678","Conditions E","male"
"1679","Sample_1679","Conditions E","female"
"1680","Sample_1680","Conditions E","female"
"1681","Sample_1681","Conditions E","female"
"1682","Sample_1682","Conditions E","male"
"1683","Sample_1683","Conditions E","male"
"1684","Sample_1684","Conditions E","male"
"1685","Sample_1685","Conditions E","female"
"1686","Sample_1686","Conditions E","female"
"1687","Sample_1687","Conditions E","female"
"1688","Sample_1688","Conditions E","female"
"1689","Sample_1689","Conditions E","male"
"1690","Sample_1690","Conditions E","male"
"1691","Sample_1691","Conditions E","female"
"1692","Sample_1692","Conditions E","male"
"1693","Sample_1693","Conditions E","female"
"1694","Sample_1694","Conditions E","female"
"1695","Sample_1695","Conditions E","female"
"1696","Sample_1696","Conditions E","female"
"1697","Sample_1697","Conditions E","male"
"1698","Sample_1698","Conditions E","female"
"1699","Sample_1699","Conditions E","male"
"1700","Sample_1700","Conditions E","male"
"1701","Sample_1587","Conditions E","male"
"1702","Sample_1702","Conditions E","female"
"1703","Sample_1703","Conditions E","female"
"1704","Sample_1704","Conditions E","female"
"1705","Sample_1705","Conditions E","male"
"1706","Sample_1706","Conditions E","male"
"1707","Sample_1707","Conditions E","female"
"1708","Sample_1708","Conditions E","male"
"1709","Sample_1709","Conditions E","female"
"1710","Sample_1710","Conditions E","female"
"1711","Sample_1711","Conditions E","male"
"1712","Sample_1712","Conditions E","female"
"1713","Sample_1713","Conditions E","female"
"1714","Sample_1714","Conditions E","male"
"1715","Sample_1715","Conditions E","male"
"1716","Sample_1716","Conditions E","female"
"1717","Sample_1717","Conditions E","female"
"1718","Sample_1718","Conditions E","male"
"1719","Sample_1719","Conditions E","female"
"1720","Sample_1720","Conditions E","female"
"1721","Sample_1721","Conditions E","female"
"1722","Sample_1722","Conditions E","male"
"1723","Sample_1723","Conditions E","male"
"1724","Sample_1724","Conditions E","female"
"1725","Sample_1725","Conditions E","female"
"1726","Sample_1726","Conditions E","female"
"1727","Sample_1727","Conditions E","female"
"1728","Sample_1728","Conditions E","male"
"1729","Sample_1729","Conditions E","male"
"1730","Sample_1597","Conditions E","male"
"1731","Sample_1731","Conditions E","female"
"1732","Sample_1732","Conditions E","female"
"1733","Sample_1733","Conditions E","female"
"1734","Sample_1734","Conditions E","male"
"1735","Sample_1612","Conditions E","female"
"1736","Sample_1736","Conditions E","female"
"1737","Sample_1598","Conditions E","female"
"1738","Sample_1738","Conditions E","male"
"1739","Sample_1739","Conditions E","female"
"1740","Sample_1740","Conditions E","male"
"1741","Sample_1741","Conditions E","male"
"1742","Sample_1742","Conditions E","female"
"1743","Sample_1743","Conditions E","male"
"1744","Sample_1744","Conditions E","male"
"1745","Sample_1745","Conditions E","male"
"1746","Sample_1746","Conditions E","male"
"1747","Sample_1747","Conditions E","male"
"1748","Sample_1748","Conditions E","female"
"1749","Sample_1749","Conditions E","female"
"1750","Sample_1750","Conditions E","male"
"1751","Sample_1751","Conditions E","female"
"1752","Sample_1752","Conditions E","female"
"1753","Sample_1753","Conditions E","male"
"1754","Sample_1754","Conditions E","female"
"1755","Sample_1755","Conditions E","female"
"1756","Sample_1756","Conditions E","female"
"1757","Sample_1757","Conditions E","male"
"1758","Sample_1758","Conditions E","female"
"1759","Sample_1759","Conditions E","female"
"1760","Sample_1760","Conditions E","female"
"1761","Sample_1761","Conditions E","female"
"1762","Sample_1762","Conditions E","female"
"1763","Sample_1763","Conditions E","female"
"1764","Sample_1764","Conditions E","male"
"1765","Sample_1765","Conditions E","male"
"1766","Sample_1766","Conditions E","female"
"1767","Sample_1767","Conditions E","male"
"1768","Sample_1768","Conditions E","female"
"1769","Sample_1769","Conditions E","male"
"1770","Sample_1770","Conditions E","female"
"1771","Sample_1771","Conditions E","female"
"1772","Sample_1772","Conditions E","female"
"1773","Sample_1773","Conditions E","female"
"1774","Sample_1774","Conditions E","female"
"1775","Sample_1775","Conditions E","female"
"1776","Sample_1725","Conditions E","female"
"1777","Sample_1777","Conditions E","male"
"1778","Sample_1778","Conditions E","female"
"1779","Sample_1779","Conditions E","male"
"1780","Sample_1780","Conditions E","male"
"1781","Sample_1781","Conditions E","female"
"1782","Sample_1782","Conditions E","female"
"1783","Sample_1783","Conditions E","female"
"1784","Sample_1784","Conditions E","male"
"1785","Sample_1785","Conditions E","male"
"1786","Sample_1786","Conditions E","male"
"1787","Sample_1623","Conditions E","female"
"1788","Sample_1652","Conditions E","male"
